{
  "attempt_id": "20260517T195710-8ba68451",
  "harness": "claude",
  "model": "haiku",
  "tokens": 24035,
  "input_tokens": 604,
  "cached_tokens": 7671783,
  "cache_hit_rate": 0.99992127612958,
  "output_tokens": 23431,
  "cost_usd": 0.9991815500000001
}