{
  "attempt_id": "20260517T190801-8cb64bec",
  "harness": "claude",
  "model": "haiku",
  "tokens": 13168,
  "input_tokens": 268,
  "cached_tokens": 3261536,
  "cache_hit_rate": 0.9999178368779976,
  "output_tokens": 12900,
  "cost_usd": 0.47194610000000004
}